CNES,records
0002232,101955
3151794,75209
2323397,74417
2311682,64833
0026794,63700
2020068,59610
6627595,58139
2799278,57750
2077388,57055
7011857,50402
6303153,48546
2755165,48341
2344882,48078
2079186,46585
2362287,46006
2566168,45394
5718368,44066
2399644,43405
5703425,43387
0008036,42472
2715864,42362
2082209,42003
0009768,41829
0011843,41475
2270609,41370
2755157,40940
2006340,40868
2520524,40609
2723212,40518
2078562,39474
0020516,39458
2019558,39409
2027356,39294
2078104,38610
2040069,38426
6007317,38420
5731186,37880
2792168,37661
2319454,37591
3970442,37537
3004104,37487
0003840,37457
2802031,37353
2080052,36941
5420938,36337
7027397,36268
3012212,35473
2798662,35177
2237571,35082
2280248,35030
5616298,35013
2005026,34952
6020917,34721
2205440,34668
2091585,34483
2077620,34463
5717256,34178
0009628,34024
2017318,33763
2430711,33736
3508528,33559
2265052,33356
2562499,33093
2738368,32978
2005050,32621
2332671,32507
2270390,32242
2415488,31951
2408570,31848
2546027,31826
2077701,31792
2506858,31751
0003794,31739
0007684,31653
2702886,31497
3956369,31410
2361787,31310
2591049,31137
0026972,30970
2555646,30910
2410281,30379
2362821,30373
2436477,30289
0015369,30134
2289709,29966
0027863,29688
2579391,29542
2444828,29528
2615746,28856
2079828,28834
2076926,28601
2237601,28596
2400324,28559
2640244,28352
7041624,28298
2022621,28260
2522691,28252
2802090,28106
2592746,27896
2149990,27878
2428393,27877
2453665,27853
2611686,27852
2615835,27685
2802112,27574
2012480,27540
2552086,27427
2340992,27355
2423529,27252
2707527,27145
2020890,27067
0000701,27065
3083721,27056
2754843,26879
2000733,26719
3021114,26493
2126508,26459
2396866,26371
2786680,26356
2388057,26302
2084163,26222
5005027,26216
2298120,26212
4026896,25773
2077639,25692
6518893,25306
2452383,25261
2755092,25184
2010631,25025
2332620,24958
2470667,24948
2792141,24901
3972925,24901
6995462,24802
2079860,24736
2206528,24694
2473380,24687
2716097,24674
2678179,24627
2153084,24513
2753332,24380
2077671,24285
2806215,24237
2076896,24217
2295407,24015
2077477,23945
2402564,23943
2482339,23929
2082829,23701
2021064,23671
2619717,23650
0010472,23589
2338564,23470
2000296,23402
2712040,23383
2329905,23366
0027014,23128
2487411,23062
2080338,23014
2290227,22996
2079240,22959
2528711,22808
6601804,22673
2237253,22617
2262568,22543
2082225,22494
2503824,22418
0019283,22413
2603802,22333
2651351,22303
2525933,22192
2551764,22175
0000671,22151
2702983,22108
2080583,22086
3028399,22063
2065665,22048
6923356,22043
2426579,21945
2232081,21921
2077493,21856
2504332,21851
2270269,21724
6984649,21681
2315793,21636
2562545,21624
2270714,21573
2083981,21551
4009622,21520
2799286,21468
2356287,21423
2087804,21332
2287250,21328
2710935,21226
2712008,21175
2456958,21100
2002078,21085
3018172,21077
2082128,20940
2365146,20892
2066092,20739
5200105,20713
2711958,20665
2173166,20543
2079798,20519
2605414,20473
0016462,20423
2278324,20273
2452782,20167
2297590,20094
0012521,20021
3212130,19998
2232146,19868
2328399,19850
0007641,19840
2529068,19764
2589737,19717
2765942,19687
2192896,19645
2457776,19632
4014111,19568
2687127,19565
2562685,19517
6854729,19499
3139050,19449
2726653,19403
2351994,19250
2525569,19208
2091755,19141
6108547,19090
2191164,19084
2708779,19082
2795671,19082
8015899,19056
2790580,19047
2246988,18970
0027022,18962
2016923,18897
2080079,18812
0009725,18807
2457121,18777
2533480,18765
2329891,18752
2075962,18712
2006405,18703
2339080,18644
2079119,18626
2727064,18539
2340720,18509
0004170,18485
2418657,18451
2753278,18405
2146355,18226
2758164,18197
2010151,18126
2013258,18110
2495279,18101
2013029,17950
2772299,17939
2465833,17892
2376334,17843
2418665,17739
2484072,17673
3157245,17573
2705737,17535
2318628,17511
2077396,17492
2244306,17483
2222043,17469
2705982,17448
2560089,17416
2296764,17298
2786109,17162
2558254,17075
2516632,16911
5995280,16785
2208172,16736
2016141,16675
2449641,16649
2318482,16606
2481073,16585
2507447,16554
0009717,16470
2232022,16391
2006448,16376
2505231,16312
2675560,16312
2330830,16272
4009444,16264
2792176,16253
2333112,16234
2003775,16142
2223538,15969
2077523,15958
0009539,15948
2639262,15834
4056752,15813
2402556,15794
2804034,15794
0004731,15687
7958838,15660
2232103,15639
2485966,15521
2621649,15498
2798298,15479
2237822,15443
2269945,15387
0018333,15373
5717515,15373
2638991,15306
7283458,15259
2751747,15258
2687003,15190
2315343,15187
2795655,15185
2537788,15102
2458705,15084
2274493,15029
2159252,15014
2799847,15008
2653931,14954
2311763,14950
2659107,14921
2530236,14857
2462583,14844
2395037,14751
6966594,14627
2707675,14600
2018136,14564
2148293,14460
7047428,14447
2126494,14430
2527413,14428
2754738,14240
2568713,14214
0025135,14195
2223546,14138
2077434,14131
2679639,14127
2025752,14126
2275562,14118
2799790,14066
2079135,14047
5714397,14040
2080028,14032
2749319,14030
2468972,13991
2294923,13946
2080931,13934
2613476,13929
0013633,13894
2253054,13873
2784602,13853
3668770,13841
2611295,13780
5412447,13770
2485680,13767
2560852,13649
2087715,13582
2205939,13541
2742047,13474
2077574,13440
2136945,13439
3316300,13426
2306344,13362
2594714,13339
2082926,13320
2777649,13302
2373009,13295
0003859,13114
2678756,13093
7073224,13065
2798484,13060
2691515,13010
5903394,13007
2480646,12953
2087111,12906
2327945,12874
2651610,12865
2248190,12835
2783789,12805
2504901,12785
2364816,12764
7711980,12762
2077078,12759
2086271,12753
2232162,12696
2091313,12658
2268922,12621
2079593,12610
2750511,12588
2463016,12520
2118513,12505
2748223,12485
2793008,12485
2323583,12483
2467372,12452
2253046,12445
2487756,12399
2019566,12380
2016893,12347
6402305,12334
0014109,12312
2331098,12301
2372150,12296
2678403,12281
2360411,12269
2086050,12247
2232049,12166
2481286,12155
2462729,12154
2083604,12118
7580770,12105
2802023,12100
2080575,12096
2772310,12056
2111640,12055
6943284,12005
2075717,11996
2470098,11980
2333716,11971
2119420,11955
2791722,11936
2092298,11929
2082349,11915
2081458,11900
2087057,11896
2082721,11860
0009709,11752
2280868,11749
2679647,11747
0027049,11724
2770512,11721
2119528,11709
2379341,11705
2111659,11687
2429004,11668
2127989,11620
2361477,11570
2695251,11516
2619938,11500
2254964,11459
2452820,11447
3005011,11424
6779069,11387
2087618,11337
2084414,11316
2079232,11296
0017884,11278
2261987,11238
2058790,11225
2522411,11125
2741989,11047
2018144,11038
2532387,10991
2333031,10981
2306697,10973
2756951,10960
2450143,10958
2777746,10939
2084171,10938
2219654,10884
2077450,10853
4042085,10829
2339161,10743
2808889,10707
2084473,10617
2688689,10612
2428385,10610
2020076,10573
2517949,10541
2078473,10510
2204622,10506
2301830,10463
2799839,10448
2465469,10433
2755149,10423
2328003,10422
2450429,10422
2494299,10418
2089327,10405
2712032,10299
2740435,10292
2775999,10264
5366828,10248
2499363,10235
5129753,10233
2709848,10212
4014235,10209
2752700,10204
2154560,10198
2760924,10166
4049020,10139
2098369,10102
2409208,10093
2765934,10077
2706741,10058
2140217,10055
2707918,10038
2118629,10014
2297183,10012
2761203,10005
2665778,9957
2756749,9940
2527707,9928
2257548,9914
2328380,9908
2556847,9899
2520613,9888
2479907,9859
2288907,9837
2733676,9819
2301687,9790
2195437,9766
2770326,9750
2000121,9742
2785188,9733
5042488,9706
5878640,9705
2333228,9688
2439263,9682
6922902,9682
7013620,9680
6892256,9676
2441675,9641
2339196,9554
2161354,9536
2297795,9526
7360347,9520
6069134,9490
2676923,9483
2241021,9470
6490581,9433
2454696,9427
2100754,9418
2129469,9418
2459477,9403
2472139,9337
2411393,9336
6848710,9326
2666731,9319
2683210,9309
2777762,9289
2764776,9277
3210243,9275
2799758,9250
3559629,9245
2081377,9236
2711990,9226
2645122,9220
2252694,9206
5922216,9188
2280477,9181
0000094,9155
2292157,9136
2096463,9135
5390044,9122
2679663,9116
2143801,9109
2215586,9094
2421542,9057
2118661,9052
2707969,9030
2241048,9021
2209195,9019
2078155,9014
2195585,9008
2316757,8988
5307562,8980
8001448,8910
2024691,8908
2760657,8901
2726726,8880
2514710,8874
2535556,8863
2171945,8859
6569234,8845
2259907,8799
2400693,8796
2082888,8794
2092611,8794
6542638,8789
2702193,8787
2332299,8764
2261057,8735
2108992,8713
2010356,8684
2496046,8673
2140098,8656
2659417,8627
4001303,8603
2111624,8592
2726645,8589
2232154,8586
0004081,8581
2560771,8579
5349893,8577
2332930,8571
2777789,8560
2432048,8545
7232519,8513
2017016,8502
2081083,8463
2354551,8452
2273373,8422
2227762,8407
2386569,8396
2738309,8362
2465787,8357
2271826,8327
2257556,8254
2777797,8234
3774554,8188
2023709,8183
2698463,8138
2331861,8132
2206064,8091
2697688,8082
2372207,8081
2339234,8076
2568373,8067
2083272,8062
2078074,8014
2627183,7989
2082594,7986
2084228,7972
2078503,7950
2589516,7910
6095666,7898
2027186,7855
2395886,7851
2825589,7849
5223962,7849
2001500,7842
2138875,7836
2284634,7833
2390043,7833
2200902,7815
2758245,7814
2303892,7797
2603055,7787
2417189,7786
2348489,7782
7529384,7776
2576198,7767
2077566,7763
0011746,7736
2328046,7725
2338351,7708
2302101,7705
2521792,7690
2799855,7684
2105780,7683
2420015,7667
2602121,7643
2266474,7637
2117037,7624
0010537,7604
2789647,7601
2269880,7599
2077426,7588
2561425,7507
2232030,7498
2674327,7435
2248220,7423
2252287,7416
2248328,7403
2401231,7392
2793636,7379
2697289,7363
2208857,7362
2598205,7337
2204649,7324
2144530,7311
2270021,7307
2409275,7287
2638878,7258
7336578,7240
2085194,7225
2587335,7202
2254611,7194
2119471,7160
2139200,7154
2000865,7131
2375265,7106
2704900,7106
7557523,7078
2196972,7065
2298317,7062
2077485,7058
4028414,7050
0017574,7044
2710498,7044
2764814,7043
2427249,7042
2622467,7038
2696029,7023
2146525,6980
6451098,6955
2082381,6920
2400243,6897
2653494,6868
6804497,6868
2537028,6855
3667804,6841
2448521,6840
2081059,6835
2688433,6826
4026772,6824
2429438,6816
2601680,6801
2611309,6800
2705842,6799
0013846,6776
2078252,6767
2554798,6751
2459620,6738
2471345,6712
2330962,6702
2561433,6692
2384299,6687
2081253,6659
2088193,6641
4020197,6629
2006359,6617
2582449,6592
6998704,6579
2079097,6577
2491249,6577
2410486,6556
6782477,6544
2437651,6540
2726599,6531
2547821,6504
2134276,6469
2532549,6461
2098539,6454
2164620,6451
2462214,6438
2407868,6431
2135124,6423
2365154,6419
2200945,6412
2765640,6409
2705222,6393
2087219,6374
4055748,6336
2145960,6311
2730650,6300
2079615,6295
2221772,6274
6250564,6274
2615711,6247
2078848,6234
2092107,6223
2081970,6221
6968139,6216
2808609,6215
3302490,6099
6683134,6078
2437139,6075
2711184,6070
2387727,6057
3314766,6056
2412381,6041
2317397,6027
2601710,5998
2463784,5996
0013838,5990
2452952,5987
2024756,5970
2307154,5964
6553567,5957
2262274,5954
2752077,5946
2236370,5943
2232995,5940
2314819,5925
2496879,5920
2694530,5900
0010480,5896
6424341,5893
2246929,5881
2080923,5874
4028759,5870
2023474,5866
0010545,5850
2761041,5849
2248298,5831
2592460,5827
2205998,5804
2257815,5798
2097877,5787
2081261,5771
2564211,5756
2473046,5745
2082853,5744
2621592,5735
2101777,5709
2557118,5695
7088302,5674
2777770,5634
2454947,5626
2079895,5598
9336508,5567
7119232,5563
2665190,5562
2096196,5544
2016974,5542
2337576,5524
2521873,5507
2473577,5482
2498421,5469
2601729,5461
2302500,5453
2509369,5445
2277573,5442
2448637,5437
2312050,5430
5478898,5423
2273098,5418
2498804,5402
0025399,5399
2729385,5387
2533057,5381
2627418,5366
2748568,5354
2562871,5346
2263858,5307
2323915,5304
4069803,5295
2785382,5272
2532093,5244
6424236,5227
2142376,5223
2676192,5216
2139073,5213
2079925,5180
2691884,5170
2371588,5166
2296241,5154
2295415,5150
2312123,5148
6463045,5147
2408236,5134
2611236,5133
2562154,5129
2192020,5123
2484943,5117
2537192,5106
2081202,5105
2461277,5103
2403331,5095
6106005,5086
2707950,5082
2232073,5081
2168707,5070
2686961,5062
2646943,5047
2621614,5024
2398680,5012
5018110,5011
2558459,5008
2080672,5006
2699842,5006
2407566,5002
2082691,5000
2767953,4990
2534584,4977
2677431,4977
2495228,4963
2677563,4960
2083019,4946
2098911,4939
2292513,4928
2738287,4907
2460831,4895
2460254,4892
2080729,4885
2093324,4880
2331748,4872
2318865,4865
2127687,4855
2532190,4855
2664666,4855
2476487,4852
2083140,4850
2765659,4849
2592568,4845
6426190,4834
2014688,4828
2139049,4820
2163829,4806
2122650,4803
2742071,4801
2464454,4799
2016397,4793
2343746,4784
2377829,4779
2385880,4773
2329484,4769
5095808,4740
2086336,4727
2244357,4724
2310821,4718
2371243,4712
9131922,4711
2266733,4703
4006429,4702
2436310,4699
2292912,4695
2711966,4679
3294889,4662
2084058,4657
2324288,4644
2672197,4643
2455706,4632
2078341,4630
2292165,4630
2487616,4623
2082845,4616
2454904,4613
2349264,4608
2314002,4605
2800950,4592
2462184,4588
2655411,4585
2691485,4583
2013045,4579
2083175,4579
2531801,4575
2442116,4567
2211262,4560
2470748,4554
2183803,4546
2735970,4536
2081091,4534
2387581,4529
6871747,4521
2316005,4511
2462753,4511
2341204,4508
2615843,4500
2755130,4497
2082098,4479
2486199,4478
2509377,4476
2313049,4465
2402882,4461
2012499,4453
2081644,4428
2025477,4418
2090961,4418
2602083,4413
2677407,4408
2205971,4404
4029526,4404
5384117,4401
2796449,4394
2549751,4388
6644996,4373
2333899,4371
2801906,4367
2313057,4349
2077582,4347
2283239,4345
2776006,4337
2273748,4323
2616211,4323
2083051,4318
0010529,4316
2011689,4312
2100681,4312
2012383,4309
2391635,4304
2172259,4296
2097605,4295
2304325,4289
2529386,4289
2246961,4281
2491710,4270
2472457,4264
2560828,4259
2752654,4251
2582716,4248
2316021,4236
4005732,4232
2479028,4225
2521695,4224
2370344,4219
2451565,4219
2510391,4216
2315386,4207
2775972,4207
2080087,4205
2517124,4194
2476444,4186
2319233,4184
2447029,4175
2392410,4169
2164299,4163
2330938,4163
2742098,4152
2232928,4141
2026805,4136
2799804,4136
2164825,4134
2287927,4122
2465655,4119
2218690,4112
2127881,4107
2082640,4101
2346621,4093
7459831,4090
2723255,4076
2331578,4070
0010499,4061
2248204,4057
2134268,4051
2497654,4048
2379767,4044
2287382,4043
2318180,4039
2208075,4038
2252260,4038
7666772,4038
2757710,4037
2081512,4032
2017555,4026
2665883,4025
2711850,4022
2396106,4019
2227932,4018
2711400,4018
2616491,4011
2144298,4001
2601583,3988
2715317,3984
2407574,3972
2711885,3967
2639173,3953
2235609,3952
2383896,3948
2259893,3922
2764865,3920
2382792,3914
2323680,3906
2388928,3906
2711893,3901
2081350,3900
2313367,3895
2702991,3888
4026640,3881
3269728,3871
2644711,3864
2711613,3862
2078295,3858
2693690,3849
2208040,3839
3569543,3830
2248271,3825
2079569,3816
2081555,3802
2333430,3800
2081873,3797
2790556,3795
2329913,3780
2025523,3770
7105088,3769
2240335,3767
2397676,3753
6578373,3752
2082322,3744
2135108,3739
2168731,3728
2328992,3728
2151820,3726
2562391,3726
2178591,3724
2103990,3722
2530031,3713
2011875,3700
2445352,3699
2012022,3692
2543044,3687
2602962,3681
2747871,3679
2707632,3677
2331756,3659
2589605,3642
2659603,3630
2316552,3629
2082519,3622
2087103,3617
2777681,3606
2463954,3599
2616483,3598
2742039,3598
5498465,3587
2206498,3570
6856209,3556
2213982,3554
2601613,3553
2462192,3546
2122677,3543
7202253,3542
2655802,3530
4032497,3526
2077647,3522
2765667,3509
2423936,3507
2626659,3505
2351668,3501
2660091,3500
2791749,3497
2387042,3493
2598213,3493
2611864,3493
2376091,3487
2409658,3482
2451573,3481
2442477,3480
2802015,3479
2336812,3475
2364999,3474
2006197,3464
2105365,3453
2261065,3449
2078538,3446
2622475,3436
2613379,3433
2365480,3412
2469774,3411
2680807,3410
2775956,3405
2601702,3403
2375850,3400
2119404,3397
2750546,3397
2499568,3395
4068823,3393
2506254,3388
2103257,3387
2397463,3382
2392046,3380
2376458,3379
2087324,3366
8004218,3365
2569213,3360
2383209,3354
2333880,3350
2262002,3342
2703041,3341
2751038,3341
2082527,3333
2233312,3329
2484366,3329
2079720,3325
2733307,3313
4024303,3312
2364913,3310
2562170,3305
2235323,3303
2427125,3301
2751704,3301
2750988,3296
2801574,3295
2468271,3288
2081903,3277
2392704,3272
2185563,3264
2410478,3264
2536862,3242
2117312,3225
2374226,3221
4022718,3218
6146376,3209
2080044,3206
2550032,3205
2774720,3197
3819590,3193
2248239,3190
2510278,3172
2499053,3167
2119463,3164
2773333,3153
2092395,3135
2742012,3135
3220966,3126
2796112,3124
4023668,3124
2250837,3123
0015245,3109
2018128,3109
2202891,3096
2455145,3096
2745798,3096
2135930,3095
2079917,3094
2127911,3091
9153535,3089
2312131,3085
2413469,3081
2577410,3075
2254956,3073
2206595,3072
2458470,3070
2699915,3069
2775913,3068
2716275,3067
2639025,3055
2792974,3055
3003469,3053
2019523,3051
2796562,3051
2559609,3039
2484269,3031
2450453,3027
2474751,3027
2802252,3024
2534789,3022
2241153,3012
2316064,3007
2760843,3005
2597594,3003
2328496,3002
4030230,2999
2414244,2995
2016125,2991
5232511,2986
2558289,2982
2733579,2980
2534967,2972
2760436,2970
2549182,2967
2554518,2967
0018813,2961
2017717,2961
2080664,2950
2376474,2947
2622319,2944
2691523,2943
2536293,2939
2144638,2938
2418967,2938
2677571,2938
2757214,2938
2806339,2937
2814056,2935
2115786,2932
7152566,2931
2278855,2928
2342170,2926
6847579,2923
2538180,2921
2687038,2920
2808617,2916
2082748,2904
2233398,2904
2011905,2895
2557207,2890
2646544,2889
2447886,2888
2361078,2887
2221543,2883
2021463,2882
2370816,2882
2398125,2869
2462095,2867
2603292,2867
2352133,2858
2530473,2858
2317028,2854
2639246,2852
2102765,2849
2323923,2849
2331292,2845
2704587,2840
2561344,2838
2312174,2835
2374064,2834
2079976,2831
2514729,2828
2023016,2821
2078023,2820
2561328,2810
2786095,2809
2722844,2794
2344289,2790
4069099,2789
2720043,2776
2023644,2771
2572818,2771
2741873,2770
2013614,2769
2288109,2751
2514311,2751
2455625,2746
2058308,2736
2083493,2734
2796392,2731
2603012,2727
2139030,2726
6710158,2725
2080443,2720
2819139,2719
2453347,2708
2206501,2706
7366108,2702
2412551,2693
2228726,2692
2383233,2689
6602533,2686
7274351,2686
2267209,2685
2102587,2682
2084430,2681
2079836,2677
2801922,2674
2234432,2668
2205904,2664
2677598,2644
4028740,2635
2561395,2625
2638835,2625
2307898,2623
2234416,2618
2267187,2611
2600331,2610
2639122,2607
2013320,2606
2078139,2606
6500552,2600
2696924,2591
2557509,2587
2145685,2581
2699850,2581
2132877,2577
2219638,2577
2208083,2574
2461005,2573
2451425,2572
2791676,2572
2814048,2568
3048209,2567
2093332,2562
0017612,2559
2235404,2556
2594277,2554
2710463,2554
2084422,2548
2751623,2547
2321637,2535
2532530,2534
2760703,2534
2082632,2531
7321252,2527
2639068,2525
2562138,2520
2317990,2518
2619946,2518
2081695,2515
4020510,2515
2402874,2512
4004787,2512
6677207,2502
2322706,2501
4029607,2500
2703025,2498
2461285,2496
2478080,2495
2452804,2493
2795299,2493
5525047,2493
2379163,2491
2078902,2476
2553155,2475
2438313,2470
2338424,2466
2144204,2463
2653699,2462
2558017,2457
2120410,2455
2397684,2449
2316048,2448
2099454,2446
2314436,2446
2418673,2445
7470371,2435
2119455,2430
2652757,2430
2674513,2430
2088487,2423
2777754,2419
0010502,2412
2003570,2412
2012839,2407
2590727,2406
2012618,2403
5572924,2403
2722380,2400
2804042,2400
2004976,2396
2016605,2388
2080745,2385
2375826,2381
2474328,2380
3205282,2379
2168243,2378
2561026,2374
8013659,2372
2171988,2371
2323559,2371
4020014,2369
2796619,2366
2197693,2355
2000636,2353
2114763,2351
6200702,2350
2719290,2349
2008106,2346
2526239,2343
2772752,2340
2149710,2336
2457156,2335
2080095,2334
2028204,2333
2089548,2325
2410141,2319
2620103,2319
4005759,2314
2337142,2313
2123061,2311
2381303,2303
2742020,2296
2119439,2286
2380331,2285
2808668,2285
2504537,2278
2674785,2276
2496534,2274
2013282,2272
2228610,2269
2413922,2269
2411415,2261
2761106,2255
2745801,2251
2646439,2250
2330350,2249
2301601,2248
2386879,2245
2323540,2240
2246953,2239
2498790,2238
2790610,2227
6048692,2225
2776022,2222
4020405,2222
2781700,2220
7947984,2217
2236362,2214
2082586,2213
2246740,2212
2513838,2207
4044916,2205
4029801,2204
7218656,2197
2678500,2190
2079704,2187
3289826,2187
3245500,2185
2200481,2184
2508222,2176
2702746,2173
2460017,2167
2077558,2165
2676435,2165
2445956,2164
2252228,2161
2412713,2161
0017868,2156
2761009,2152
2796384,2148
3048675,2146
2427176,2141
2660210,2141
2228602,2130
2090333,2129
2601591,2127
2560984,2126
2340038,2122
2015242,2115
2139057,2113
2397714,2113
2799820,2105
2751674,2104
2483424,2098
2678578,2098
6823351,2092
2508176,2079
2079313,2078
2079364,2077
2109034,2075
2183811,2074
2458055,2074
2483548,2071
2740575,2069
2448203,2066
2120402,2063
2168553,2061
2139146,2060
2277565,2060
2531771,2052
2078414,2049
2382466,2049
2474336,2049
2389584,2042
2081393,2041
5166292,2041
2772973,2039
5279003,2037
2118246,2035
2703505,2034
2079518,2028
2372517,2023
2410834,2021
2638983,2016
2302748,2013
2140063,2012
2280396,2010
2761254,2010
3654796,2010
2712059,2004
2081784,1999
2791692,1999
2381125,1998
2475227,1998
5844843,1993
2658372,1992
2080958,1991
2414872,1987
2324172,1986
2387131,1985
2772671,1983
2387263,1982
2425599,1980
2081814,1975
2461838,1974
5025729,1973
2344246,1969
2516764,1967
2078511,1966
2761270,1965
2308061,1962
5060761,1962
2017768,1961
2561336,1961
4032594,1960
2585057,1955
2590271,1952
2233401,1950
2449439,1950
2604426,1941
2414465,1940
2142406,1939
2312158,1937
2506572,1930
2018381,1929
2537826,1929
2764792,1928
2099233,1927
2702711,1920
2241161,1917
2331691,1913
2144026,1912
2715309,1910
2401665,1908
2460963,1907
2208822,1906
2371782,1904
2360470,1903
2653230,1897
2722399,1895
2168693,1893
2079879,1888
2587734,1880
2121808,1879
2431823,1868
2523310,1866
2639165,1861
2274299,1860
2549263,1859
2751011,1859
2499037,1854
2079178,1853
2153882,1853
2309602,1841
2391449,1840
2749149,1840
4028511,1837
2323605,1834
2524996,1834
3053857,1833
2616181,1825
2442965,1816
2695839,1812
2650533,1802
2460335,1801
2595125,1796
2363070,1794
2461765,1794
2008858,1793
2078449,1793
2721643,1793
2412276,1791
2330083,1790
4053214,1790
2582465,1789
2127695,1786
2376776,1786
2751003,1785
2638924,1781
7039344,1774
0010510,1765
2078546,1761
2081768,1760
2600854,1759
2646404,1758
2680971,1755
2364883,1751
2589214,1750
2228688,1746
2703017,1746
2675951,1743
2076934,1742
2783800,1741
2472716,1740
2316234,1739
2485729,1738
2207664,1736
2775980,1731
2313669,1729
2600730,1725
2117479,1722
2114143,1720
2081717,1719
2098407,1717
2708892,1711
2493330,1707
2529777,1706
2312107,1703
2460580,1701
2330997,1698
2413043,1697
2563460,1697
2519593,1694
2791684,1694
2761114,1690
2081105,1688
2309254,1678
2535157,1678
9627812,1676
2710447,1675
2611481,1671
2743388,1671
2764830,1670
5621674,1670
2697548,1669
3574261,1668
2371618,1667
2761238,1665
2252244,1664
2499975,1664
2620464,1658
2679469,1654
2016540,1652
2479710,1652
2751569,1644
2762544,1643
2102773,1642
2600714,1641
2391724,1640
2082187,1639
2772329,1639
2309580,1629
4054695,1627
4025148,1625
2249510,1624
2323931,1623
2454750,1621
2083027,1618
2257645,1612
2435802,1611
2461234,1610
2378213,1606
2436205,1606
6559476,1606
5466601,1605
2472724,1604
3567486,1604
2613549,1603
2269783,1601
2703351,1601
2433877,1598
2523051,1597
2601117,1595
6844138,1595
2334801,1592
2372819,1591
2099209,1583
2309513,1583
2595265,1581
2702703,1580
2638894,1579
2613751,1574
2810158,1568
2167379,1567
2726688,1566
2135914,1560
2149419,1560
4070070,1560
2493195,1557
2340526,1556
2774216,1555
2777592,1555
2375680,1551
2558610,1549
2760940,1547
2549905,1544
2374439,1543
2601397,1543
2525259,1541
2376873,1540
2387700,1540
2722372,1538
2128012,1537
2144166,1537
2009625,1536
2620111,1536
2285932,1531
2505886,1531
2319276,1528
2776030,1528
2620006,1526
2227665,1525
2119447,1524
2079283,1520
2536935,1517
2348179,1516
2461153,1511
2577283,1511
2677040,1510
2365405,1505
4022807,1505
2601567,1501
2601400,1500
2395274,1495
2499029,1495
2490935,1494
2080478,1493
2753979,1493
2365022,1491
2475847,1491
2755173,1487
2248247,1486
2091267,1484
2172836,1480
2796430,1479
2092980,1478
2531933,1476
2464268,1474
2582554,1472
2437023,1470
2558262,1468
2382431,1467
2555840,1466
2117096,1465
2293633,1465
2192128,1460
2707977,1460
2246767,1453
2563487,1453
2142627,1448
2645157,1447
2639211,1446
2365251,1444
2703084,1443
2588188,1438
7486596,1437
2442612,1436
2460432,1436
2639254,1436
2315300,1434
4023536,1432
2004259,1429
2241145,1428
2321122,1428
2092638,1426
2792451,1426
2484676,1425
2083264,1423
2172852,1423
2082934,1419
2678322,1417
2796376,1414
2448173,1409
2281384,1405
3354423,1405
2498731,1403
2345374,1402
2314061,1400
2244225,1398
2124289,1395
2576430,1393
2652099,1393
2328542,1392
2801582,1392
5968496,1392
2804638,1391
2678624,1389
2691558,1387
2802473,1387
2646617,1386
2717395,1386
2602636,1383
2524805,1371
2639092,1370
2694603,1370
2143127,1369
4001958,1368
2372487,1365
3940829,1365
2765098,1362
2082306,1356
2638959,1356
2016354,1354
2098156,1353
2509245,1349
2537850,1349
5077680,1348
2653125,1346
2465108,1345
2400901,1344
2753774,1344
2080508,1340
2597586,1340
2729547,1340
2382474,1339
2733633,1338
2664151,1337
2311445,1336
2000393,1335
0003972,1334
2702975,1334
2244322,1333
2712016,1333
2802074,1333
2236354,1327
2627256,1326
2304538,1325
2312298,1325
2371197,1325
2694301,1325
2079461,1323
2381990,1322
2584573,1322
2324075,1321
2365103,1321
2675714,1321
2357445,1320
2483998,1320
2304848,1319
2753960,1319
2760681,1319
2523132,1318
2449552,1316
2508915,1316
2687089,1316
2143852,1315
7354606,1315
2088525,1314
5749018,1314
2696002,1311
2144557,1310
2445204,1310
2738120,1309
2011166,1307
2536838,1305
2331101,1304
3024628,1304
2178982,1303
2587785,1296
2281589,1294
2431106,1294
2383942,1293
2549328,1293
2286289,1290
4026608,1289
2324261,1287
2455463,1285
4024222,1283
2139103,1280
2179172,1276
2764784,1275
2121514,1274
2267802,1274
2338378,1272
2586061,1272
2080842,1271
2330946,1263
2686929,1263
2538342,1261
6389104,1261
2228734,1259
2302330,1258
2601575,1258
2009161,1256
2558246,1255
2722356,1249
2389398,1248
2536587,1245
2344858,1242
2699966,1242
2119501,1241
2318172,1238
2793237,1238
2227673,1235
2205866,1233
2354845,1232
2646676,1232
2678233,1232
2120542,1230
6945368,1230
2181029,1228
2793903,1228
2602571,1226
2383012,1224
2525062,1224
2019604,1222
2269384,1219
2664984,1219
2102579,1218
2504545,1218
2748231,1217
2538571,1216
2139626,1214
2081385,1208
2602172,1207
2547317,1206
2808587,1205
2005360,1201
2084023,1200
2377616,1200
2764806,1200
2474506,1199
4026675,1197
0000434,1196
2208067,1196
2583712,1195
2602652,1194
2461897,1193
4022750,1193
2476827,1192
2737531,1192
0010464,1191
2588242,1188
2349574,1187
2715228,1187
2415623,1185
2016419,1182
2093502,1182
2392968,1182
2561298,1182
2589230,1181
2205882,1176
2715163,1175
2753545,1175
2082438,1174
2053519,1173
2753804,1173
2316366,1172
2144042,1170
2703092,1169
9461493,1168
2340194,1167
2747693,1167
2227770,1166
2250829,1166
2571757,1165
2547090,1164
2328968,1163
2760738,1163
2778831,1162
2079348,1159
2696940,1159
6600476,1159
2166305,1158
2529769,1158
2499339,1156
2012553,1153
2412985,1151
4033418,1151
2505843,1148
2801558,1148
2323621,1146
2790637,1143
2351633,1142
2392895,1142
2735962,1142
9275134,1142
2536900,1140
2009528,1138
2095912,1137
2646633,1136
2554429,1135
2708914,1133
3028593,1133
2090171,1130
2524848,1130
7278608,1128
2412845,1125
2019728,1119
2760991,1118
2112175,1117
2679477,1108
2135949,1107
2024772,1104
2172860,1104
2419653,1104
6032524,1104
2260069,1102
2344491,1101
2154749,1100
2526492,1100
2395479,1094
2448807,1090
0006564,1089
4023463,1089
2318695,1086
2703068,1086
2428784,1083
2598221,1082
2571811,1081
2639238,1081
2279525,1077
2572443,1076
2740540,1076
2328755,1074
2028239,1073
2711877,1070
2760827,1069
2082810,1067
2703394,1066
2009242,1063
2490218,1061
2461900,1060
2515768,1059
2615738,1056
2733285,1056
2769875,1056
3795292,1056
7496788,1055
2126796,1049
2801590,1048
2686953,1047
2311305,1046
2631180,1045
5618347,1043
2687046,1042
2738333,1039
2019736,1037
2307510,1033
2320541,1031
2483033,1028
2311992,1027
2616114,1027
2585340,1025
2413671,1022
2270056,1019
2135884,1017
2304155,1017
2121409,1012
2241226,1012
2304295,1011
2427427,1010
2777576,1009
4022262,1006
2010380,1003
2417456,1003
2799766,1001
2372479,1000
2232189,995
2343185,995
2364921,994
2523787,994
2352559,991
2676044,990
2000083,988
2283328,987
2722410,987
2018152,986
2461099,984
2433788,982
0002593,981
3452263,979
6006914,976
2453363,975
2598183,975
2079399,974
2397056,974
2587777,971
2708000,971
2311674,968
2646595,966
2447274,963
2310805,960
2615991,960
2080567,959
9031103,959
2282801,957
2300516,957
2304953,956
2395428,955
2647095,955
2676575,955
2317958,954
2419246,954
2613298,953
2016672,951
2534916,949
2655918,946
2122618,945
2479478,945
2451158,944
2760916,944
2741962,942
2639319,941
2535165,940
2093227,939
2760649,937
2794136,933
2708922,931
2146495,930
2775964,929
2082942,928
2534517,928
2585375,928
2017679,927
2241072,925
2139138,924
2079437,921
2375990,919
2646358,918
2796341,917
7356439,917
2390078,915
2331500,911
2639009,908
2761467,908
2777665,908
2233347,907
2307707,906
2267713,905
2507803,905
0000396,904
2708906,903
2715279,903
2766167,902
2147947,901
3759148,901
2655845,900
2575957,899
2711915,898
2414058,895
2644827,894
2509040,893
2638967,893
2098474,891
2810123,891
2388685,890
2331012,889
2492911,889
2665352,889
2383489,888
2381184,887
2348470,886
2017660,884
2560240,881
2733560,881
2819147,881
2365375,880
2526379,879
0018694,878
2241102,877
2374749,877
2115077,875
2471795,875
2738201,873
2761173,872
2000970,871
5307864,870
7137818,870
2080451,869
2715171,869
2344408,867
2474859,865
2271141,864
2374757,862
2471590,862
2221985,861
2592363,859
2753995,859
2799812,857
2011859,856
2427184,855
2003856,854
2016443,854
2246791,854
2252198,853
2361027,851
2364824,851
2520168,851
2791714,850
2127733,849
2599899,849
4032829,848
2576341,847
2461625,846
2413507,844
2603748,843
2457555,841
2438410,840
2371332,838
2371065,834
2639106,834
2651505,834
2638851,832
2519429,828
2100363,827
2567466,827
2117568,826
2386321,825
2478293,824
8013926,824
2182610,823
2324334,823
2081431,821
2767937,820
3003590,820
2079402,818
4012526,818
2376806,815
2180731,814
2311313,814
2329387,814
2656159,814
5395674,811
2342642,809
2550350,809
2613387,809
2457326,807
2498227,807
2705923,804
2722429,804
2511223,802
2715384,802
2167573,801
3246558,801
4032691,801
6277578,801
2024438,800
2498456,800
2639203,798
2356430,796
2775921,793
2719010,792
5412293,792
2017652,791
2135140,791
2742055,791
2384086,790
2365057,789
2442019,787
2764873,787
2363682,786
2646447,786
2343525,785
2003910,784
2482894,783
4021460,783
5597501,783
2461641,780
2244098,778
2396998,777
2571358,777
2711397,776
2638975,774
7117485,774
2807076,772
2585367,771
2715201,771
4033043,771
2263890,770
2103532,769
2534940,769
2536781,766
2613301,765
2714485,764
2620421,763
2716593,763
2312069,761
2744392,758
2811278,757
2328119,755
2800527,754
2072513,753
2376768,753
2001020,752
2083973,752
2324040,752
2016478,749
2528282,748
2331020,747
2616513,747
2304910,746
2377462,746
2167565,745
2346826,745
2019701,739
2348497,739
2570777,739
2731444,739
2082756,738
2561891,737
2708930,737
2081660,736
7250401,736
7481063,736
3738698,735
2442450,734
2279509,733
2697041,732
6679528,732
2263882,730
6592961,723
2016656,722
2527693,722
2078422,720
2694298,720
2079852,719
2389592,719
2118092,716
2526557,716
5240085,716
2561352,715
4007514,714
6014194,714
4028856,712
2507137,710
2526093,710
2645378,710
2495414,709
2686813,709
2562146,707
2751046,706
4033256,706
2292270,705
3134423,705
2745402,704
2476398,703
2246910,702
2676125,701
2355841,700
2514435,697
2563479,697
4054954,697
2638940,695
2695243,695
2613522,694
2711982,694
7667299,694
2346869,693
4032837,693
2408139,690
3249336,688
2660369,687
2532522,685
2561441,685
2781859,685
2079429,684
2494167,684
6426131,681
2554011,679
2081598,678
2758091,678
2682710,677
2327961,675
2747685,675
2752603,675
2233428,673
2717379,673
2016249,672
4020383,672
2757672,671
2262010,668
2311607,665
2444798,665
2525453,665
3005860,665
3500594,665
6366317,665
2613417,663
2750538,663
2127903,662
2441969,661
2395916,660
2575973,660
2558300,659
2771276,659
2584832,658
3134563,658
2308908,657
2442728,657
3980057,656
2273438,654
2532883,652
2479419,651
2558327,648
2753928,647
2760975,646
2510936,645
4010825,644
2244330,643
2587823,643
2316013,642
2783797,642
7305303,639
2411245,638
2079224,636
2799782,633
2123231,632
2808544,632
2377632,631
7456530,631
2304767,630
2344033,629
2478277,629
4007905,628
2482525,625
2378116,624
2398400,623
2483408,621
2715260,621
2179628,620
2586088,619
2766876,619
4018044,619
2414864,618
2117290,617
2167727,617
2715368,617
2452987,616
4022416,616
2236338,614
2300885,613
2471663,613
7070179,613
2376652,612
2081296,611
2418630,609
3587010,609
2257467,605
2425432,605
2527685,605
2602881,605
7316607,605
2808633,604
2767678,603
2081989,600
3358860,598
2423928,597
2102595,596
2374579,594
2492881,594
2546671,594
2527391,593
2660202,593
2260050,590
2382490,590
2469340,588
2080966,587
2602202,585
2466694,584
2493829,583
0007900,582
2157063,582
2781751,581
2507129,580
7223676,580
2382687,579
6603378,579
2523515,578
2476266,576
6267238,576
2333864,575
2173565,574
2234394,574
2350289,574
2531798,573
2307049,571
2441268,570
2592509,570
9923837,570
7474261,569
2276186,566
2561018,566
2611201,566
2365235,565
2478994,565
2652706,565
2081245,564
2102404,564
2585766,564
2738171,564
6232094,564
2134292,562
2140179,560
2324199,560
2535742,558
2535238,557
2413663,556
2372460,555
2143895,554
2677377,554
2168421,553
2168626,553
2349566,553
2205009,551
2550938,551
2573172,551
2276267,550
2703378,550
2312115,549
2450755,549
2706709,548
2776014,547
6919162,546
2572370,545
9431667,545
2558580,544
2748029,543
3208419,543
2444704,542
2446782,541
2585030,541
2100371,538
2148463,537
2457911,537
2134306,536
2161583,536
6025692,536
2646625,534
2103230,533
2644835,533
2461390,532
2382482,531
2655969,531
6697054,530
2228556,528
2246813,528
2391996,528
2798239,528
2801566,526
2012804,523
2004488,522
2318660,520
2442531,520
2711346,519
2311356,518
2178850,517
2334216,517
2464101,517
2719894,516
0017779,515
2283808,514
2626667,514
2401258,513
2686910,513
2082659,512
2473844,511
2435454,509
2454475,509
2722364,509
3386023,509
6011926,509
9135499,508
4051181,507
2376598,506
2442191,505
2485249,505
2589265,505
2092093,504
2123711,503
2300435,502
2442388,501
2510782,500
2370328,495
2333589,494
2573466,494
2591340,494
2554097,493
2476649,492
2319284,490
5661714,490
2512149,489
2328534,488
7768400,488
2465086,486
2719339,485
2571978,484
2127725,483
2760886,483
2272601,482
2517698,482
2375966,481
2572826,481
3010902,481
2437643,480
2104741,479
2573318,477
2011891,476
4033116,476
2079909,475
2324121,474
2330970,473
2161702,471
2492342,471
2598191,471
3040119,471
3312216,470
7201109,470
2413299,469
6446132,469
2402394,468
2808560,467
5585422,467
2318059,466
2757664,464
2560976,463
4053885,463
2436930,462
2460564,462
2301911,461
2746298,461
2712067,460
2733358,460
2078112,459
2371294,458
2395509,458
2099217,456
2702614,456
2716291,454
2741997,454
7257406,454
2535270,453
2601761,453
2415658,452
2269988,450
2354454,450
2460912,450
2547104,449
2702827,449
2016567,448
2757702,448
2353296,447
2427133,447
2246937,446
2559188,446
2705710,445
6277039,444
2535637,443
2733684,442
2259982,441
2333988,441
2564769,441
2724308,441
2414376,440
2538229,440
2769549,440
2686740,438
9601503,438
2283794,437
2414848,437
2381206,434
2535963,434
2543079,434
2450631,433
2703076,432
5095824,432
2228653,431
2257564,431
2561409,431
2726637,431
2472791,430
2376261,429
2291320,428
2000725,427
2328429,427
2593874,427
2080370,426
2514621,426
2515229,426
2808501,424
2520028,423
2646471,423
2722313,423
2235412,422
2312166,422
4003039,422
2535793,421
2571080,421
2613697,420
2638908,420
2372622,419
2600609,419
2741970,419
4008847,419
2080621,418
2233355,417
2081326,416
2676680,415
2799464,415
2543443,411
2655780,410
2573415,409
2013495,408
2380188,408
2383691,408
2252058,405
2333015,405
2748436,405
6499198,403
2397609,402
2472244,399
4055683,399
2352524,398
3588572,398
2392801,395
2726734,395
2796775,395
2312387,394
4041690,394
2382377,393
2738279,392
2394782,391
2475278,391
2733390,391
2546736,390
3913163,390
3378691,389
9680500,389
2383985,388
2320045,387
2328100,387
2374366,387
2752646,387
2769603,387
2079356,385
2096617,385
2312093,385
2395584,385
2523299,384
2378183,383
2599996,383
2053500,382
2423944,382
2630524,382
2652722,381
6447074,381
2250772,380
2378809,380
2729466,380
2101432,378
2712024,378
2312182,377
2644681,376
2571439,375
2146487,374
2228580,374
2733536,373
2761262,373
3250415,373
5599504,373
2479893,372
2527677,372
2674548,372
2775948,372
2078015,370
2655896,370
4051203,370
2740567,369
2017997,368
2080222,368
2810069,368
2365219,367
2377160,364
2733617,363
2476274,362
2554755,362
2560836,362
2777819,362
2288230,359
2550679,359
2457342,356
7982291,356
2206552,355
2241129,355
2386038,355
2246872,354
2083213,353
2232014,353
2483688,353
2000997,352
2715252,352
2490781,351
0012505,349
2493578,347
4020278,346
2261103,345
2761017,345
2236346,344
2414074,344
2546116,344
2569671,344
6421822,344
7254628,344
2520583,343
2561468,341
2228564,340
2386674,340
2560992,340
2602059,340
2753766,340
2760959,340
3226018,340
2232170,339
2438151,339
2327953,338
2351048,338
2562200,338
2000024,337
2408023,337
2703033,336
2538083,335
2687011,335
2752638,334
2764822,334
2160951,333
2781719,333
2010887,331
2457571,331
2461714,331
2724359,331
2752611,331
2507358,330
2517019,330
2557088,330
2590182,330
2463989,327
2602210,327
2016648,326
2810115,323
2272113,322
2666626,321
2321963,320
2507420,320
2144573,319
2378108,319
2744384,318
2018098,317
2552353,317
2596784,317
2658542,317
3142663,316
9659366,315
2380846,313
2361949,312
2409283,312
2484919,312
2715295,311
2378175,310
2534754,310
2570416,310
2585227,309
2691892,309
4056604,308
2463334,307
2561050,307
2267454,306
2314037,306
2396343,306
2235366,305
2250675,305
6653391,305
2108933,304
2418304,303
2600935,303
2259931,302
2453142,302
7077378,302
7210094,301
2328798,300
9917322,300
2338114,299
2376946,299
2338440,298
2432706,298
2733315,298
9578161,297
2471191,295
2428881,294
2729407,294
2729520,294
2771268,294
2531836,293
2259869,292
2693739,291
2246902,290
2378876,290
3470350,289
2195224,288
2452774,287
2234408,285
2722321,285
2781743,284
2058243,283
2484617,283
2672839,283
2383578,280
2441977,279
2573075,278
2013568,276
2729490,275
2801779,274
3001083,274
2090724,273
2118459,273
2582430,273
2378795,271
2562162,271
2753812,270
2118076,268
2335506,267
2808625,267
2252074,266
2299836,266
2328054,266
2352761,266
2715287,266
7607547,266
2602598,265
2342715,263
2590166,263
2602105,263
2082284,262
2252163,262
2469499,260
2146479,259
2082071,258
5288541,258
0018600,257
2186292,257
3827127,257
2394723,256
2531046,256
2733552,256
2391163,255
2534797,255
2563355,255
2571218,255
2796589,255
2079380,254
6078060,254
6921795,254
2343738,253
7772408,253
2118319,252
2305097,252
3513351,252
2134071,251
2334275,251
2082497,250
8002959,250
2301598,249
2799456,249
4057058,249
2334755,248
2593912,248
2672111,248
3028984,248
2506947,247
2582066,247
6695604,247
2252082,246
2021218,244
2227908,244
2526662,243
2566141,243
2328445,242
2382709,242
2601753,242
2819120,242
2244314,241
2519569,240
2551918,240
2413450,239
2507161,239
3016986,239
2766825,238
2797496,237
2109700,236
2703386,236
2445247,235
2316080,234
2524740,233
2161575,232
2241218,232
2425343,231
2758040,231
2300486,230
2491311,230
2507056,230
2479427,229
7743629,229
2525658,228
2234386,227
2364948,227
2382938,227
9613137,227
2353954,226
2448645,225
5075416,224
2442620,223
2638886,223
2702843,223
2753944,223
2244152,222
2323206,222
2611643,221
2457512,220
2646498,220
2729563,220
4022068,220
2117282,219
2246783,219
2664283,219
7628749,218
2080362,216
2563363,216
3407829,216
2333902,215
2381885,215
2558351,215
2611465,215
2660113,215
2163071,214
2392887,214
2460343,214
7043597,214
2442604,213
5882451,213
2265885,212
2252147,211
2437627,211
2511215,211
2550792,211
2733501,211
2666723,210
6425542,210
2234424,209
2384256,209
2602989,209
2349361,208
2364972,208
2733641,208
2394189,207
2414996,207
2432471,206
2711931,206
6187412,205
2146444,204
2249502,204
2810093,204
2316161,202
2374374,202
2483939,202
2555956,202
2627442,202
6670385,202
2312077,201
2376547,201
2646560,201
2394316,200
7401655,200
2482789,199
2508141,199
2080265,198
2391570,198
2490773,198
2590212,196
2711389,196
2322730,195
2719363,195
2250713,194
9515925,194
2237598,193
2377659,192
2587645,191
2799103,191
2810034,191
2136139,190
2437538,190
2437988,190
2602814,190
2665085,190
2082667,189
2753847,189
6485235,189
2412241,188
2554771,188
4026756,188
6817203,186
2293862,185
2691833,183
2760835,183
7215746,183
2194651,181
2382369,181
2753820,181
2810018,181
2206382,180
2312085,180
2356279,180
2442752,180
2765632,180
2328976,179
3485536,179
2267810,178
2569701,178
2605430,178
2437171,177
2561069,177
2602008,176
2603071,176
2605449,176
2613336,176
2707942,176
2007401,175
2072033,175
2252139,175
2426218,175
2697068,175
2687119,174
2715244,174
5446333,174
2008300,173
2349906,173
4055470,173
2025507,172
2476703,172
2715376,172
2726610,172
2426749,171
2613409,170
2331969,169
2537958,169
2563347,169
2664992,169
2375958,168
2639270,168
2139065,167
2142295,167
2333848,167
2664372,167
9016554,167
2441845,166
3461289,166
6621333,166
2729415,165
2753952,164
2184834,163
2408090,163
2572060,163
2585316,163
2102854,162
2249499,162
2526387,162
2816830,162
2122103,161
2178648,161
2591863,161
2362112,160
2403242,160
9417435,160
2378140,159
2101874,158
2161729,158
2453126,158
4032101,158
2178990,157
2509830,157
2573423,157
2621584,157
2686880,157
2705249,157
4009045,157
5729297,157
2144255,156
2437783,156
2676109,155
2514362,154
9639659,154
2160498,153
2386739,153
2402076,153
2535181,153
2184680,152
2557185,152
2733323,152
2639114,151
2760711,151
2808528,151
2272369,148
2364336,148
2712180,148
7225423,148
2546000,147
2382911,146
2526042,146
2463946,145
2735989,145
6228585,145
2478374,143
4056264,143
3023036,142
2244136,141
2372568,141
2507870,141
2630079,141
2127741,140
2476711,139
2795590,139
2810107,139
2144611,138
2478307,138
2080869,137
2419378,137
2080524,136
2442701,136
2523396,136
2534886,136
2081237,134
2262029,134
2509113,134
2146398,133
2233320,133
2421534,133
2080346,132
2084074,132
2443139,132
2499835,132
2591774,132
4052536,132
9677011,132
2691566,131
2079550,130
7502451,130
2081342,129
2409550,129
2615339,129
2392720,128
2474972,128
2650355,128
2694719,128
2738236,128
4020472,127
2080141,126
2268051,126
2186276,125
2503549,125
2622491,125
5858208,125
2303167,124
2414651,124
2437120,124
2471302,124
2715198,124
5625882,124
2249634,123
2600420,123
2090376,122
2576511,122
2729423,122
2500078,121
2703343,121
2227681,120
2571242,119
2711451,118
2791668,118
9169571,118
2001594,117
2268329,117
2437775,117
2507676,117
2733463,117
7228724,117
2228629,116
2524686,115
2553066,115
2395398,113
2472783,113
2691876,113
2249626,112
2364794,112
2398443,112
2350246,111
2381958,111
2601427,111
2639343,111
2734885,110
2745259,110
6931561,110
2151847,109
2383322,109
2766922,109
7371616,109
2346850,108
2365499,108
2452855,108
5230241,108
2316889,107
2372495,107
2556502,107
2127091,106
2380625,106
4014359,106
9491619,106
2100398,105
2603284,105
3584968,105
2082780,104
2144654,104
2381966,104
2483041,104
2733528,104
2087642,102
2290073,102
2395452,102
2547201,102
2571072,102
2438003,101
2441500,101
2144549,100
2719851,100
2114267,99
2162377,99
2307073,99
2409895,99
2413051,99
2224615,98
6452302,98
2738163,97
5540763,97
2139111,96
2244187,96
2442108,96
2507315,96
2007967,95
2474425,95
2494345,95
2557975,95
2571714,95
2315165,94
6326269,94
2660253,93
2704633,93
2781832,93
2081652,92
2237849,92
2320886,92
2324253,92
2343509,92
2383381,92
2438291,92
2570076,92
2575655,92
2584808,92
2603713,92
2715392,92
2774208,92
4051920,92
2140071,91
5701929,91
6679765,91
2019671,90
2328437,90
2407930,90
2722402,90
2098326,89
2371847,89
7354568,89
2556790,88
6569803,88
2372509,87
2438119,87
2234475,86
2244233,86
2247046,86
2702835,86
2703106,86
2753901,86
5020743,86
5050170,86
7288263,86
2438178,85
2691507,85
4052617,85
2592053,84
2766663,84
6690726,84
2127946,83
2249618,83
2259974,83
2314827,83
2380129,83
2437244,83
2644738,83
2080737,82
2244128,82
2375109,82
2026392,81
2250802,81
2328070,81
2479818,81
2602563,81
2729393,81
2760819,81
2179237,80
2252155,80
2330059,80
2333813,80
2465027,80
2475464,80
4051513,80
2235420,79
2410052,79
2442027,79
2564238,79
2738252,79
2781786,79
2213958,78
2259850,78
2374501,78
2665107,78
2738260,78
2143674,77
2378167,77
2761181,77
2252023,76
2441411,76
2564580,76
2475146,75
2649764,75
2733242,75
2238810,74
2733455,74
3017230,74
2461595,73
2577240,73
2715325,73
4026233,73
2347199,72
4025121,72
2086719,71
2126990,71
2704390,71
2382237,70
2407434,70
2710455,70
2227711,69
2336758,69
2427168,69
2433494,69
2454084,69
2562227,69
2589222,69
2658801,69
3043185,69
2080109,68
2144182,68
2381974,68
2382164,68
2587793,68
2733277,68
6813895,68
2139081,67
2407973,67
2474905,67
2512084,67
2613689,67
2729512,67
9247459,67
2234459,66
2302543,66
2409992,66
2524163,66
2733196,66
2244209,65
2380897,65
2561034,65
9177140,65
2080907,64
2352575,64
2442698,64
2500000,64
7603274,64
2437694,63
2738147,63
2796597,63
4029844,63
2365081,62
2660229,62
2695138,62
0018090,61
2299569,61
2638843,61
2720027,61
7914288,61
2483300,60
2783819,60
4014367,60
7554958,60
2227886,59
2252171,59
2774224,59
3385205,59
4013034,59
6612555,59
2250705,58
2554658,58
2602601,58
2613700,58
2781735,58
4010779,58
2328658,57
2342960,57
2364174,57
2753871,57
2374307,56
2474301,56
2799731,56
9146032,56
2760932,55
2333856,54
2639157,54
2777711,54
2270676,53
2689863,53
2228548,52
2249529,52
2328038,52
2480654,52
2538148,52
2733439,52
2023865,51
2476061,51
2261111,50
2300478,50
2410338,50
2573032,50
2757648,50
2810026,50
4014715,50
7554613,50
2009250,49
2122936,49
2306522,49
2536021,49
2437678,48
2443031,48
2649985,48
2698374,48
2747022,48
2796368,48
2083876,47
2514281,47
2553163,47
2691477,47
2753898,47
4004876,47
2148471,46
2249537,46
2261030,46
2371375,46
2409771,46
2561042,46
2605384,46
2761165,46
2781697,46
4026691,46
7476523,46
2247038,45
2320800,45
2323613,45
2373475,45
2535211,45
2659999,45
2375206,44
2442205,44
5699525,44
7360886,44
9276149,44
2091097,43
2382644,43
2429314,43
2290499,42
2655837,42
6953042,42
2373270,41
2407701,41
2439883,41
5110025,41
7239866,41
2144522,40
2499843,40
2753839,40
2817667,40
2205890,39
2380528,39
2453355,39
2474964,39
2534932,39
2808676,39
2144174,38
2342073,38
2600390,38
2601079,38
2311615,37
2364018,37
2421488,37
2438143,37
2569760,37
2646366,37
7597037,37
2321572,36
2638916,36
2639297,36
2676516,36
7175108,36
2079291,35
2093197,35
2558408,35
2572192,35
2740176,35
4024087,35
7061021,35
2202638,34
2259877,34
2274108,34
2376059,34
2377225,34
2411164,34
2733293,34
2757699,34
2760673,34
2777703,34
2082179,33
2084139,33
2499045,33
2613611,33
2613638,33
7639724,33
2407582,32
2514451,32
2519445,32
2582325,32
2680815,32
2769514,32
2020165,31
2410389,31
2437996,31
2490501,31
2572257,31
2613565,30
2613603,30
4051165,30
2122987,29
2224607,29
2252007,29
2334356,29
2377330,29
2509636,29
0000418,28
0019194,28
2081806,28
2128020,28
2328410,28
2382032,28
2436906,28
2436914,28
2533162,28
2808579,28
7511884,28
2078775,27
2079690,27
2261138,27
2352494,27
2535327,27
2676001,27
4009223,27
2103222,26
2167670,26
2235307,26
2407647,26
2436450,26
2468840,26
2475618,26
2552345,26
2582503,26
2691574,26
2707993,26
2201402,25
2263866,25
2324164,25
2337525,25
2486792,25
2561301,25
2568586,25
2588897,25
2604779,25
2635798,25
2081571,24
2361736,24
2445085,24
2460726,24
2733420,24
4009150,24
7006462,24
7401663,24
2311429,23
2407833,23
2672154,23
2752557,23
2808595,23
9154388,23
2078805,22
2179571,22
2257572,22
2265893,22
2295105,22
2305534,22
2476355,22
2476541,22
2546124,22
2639084,22
2711907,22
2816881,22
7247583,22
2241137,21
2384035,21
2629992,21
2733366,21
2753936,21
2796791,21
2146460,20
2227703,20
2337274,20
2380099,20
2441799,20
2484048,20
7685610,20
2078937,19
2142937,19
2144565,19
2263874,19
2305623,19
2317931,19
2474174,19
2615800,19
2639033,19
2664690,19
6953689,19
2000822,18
2078198,18
2093022,18
2146517,18
2168448,18
2244101,18
2261154,18
2702681,18
2733226,18
2796783,18
3139301,18
4055861,18
7006438,18
2017911,17
2079216,17
2102714,17
2127768,17
2208849,17
2249545,17
2324210,17
2508532,17
2556510,17
2572265,17
2646463,17
2679191,17
3761673,17
5004764,17
7460597,17
2202883,16
2233339,16
2252112,16
2273101,16
2322935,16
2369923,16
2796570,16
4024370,16
2164493,15
2213516,15
2235447,15
2568349,15
2694204,15
2738198,15
0014133,14
2101335,14
2265958,14
2382415,14
2407841,14
2410362,14
2442086,14
2572850,14
2652765,14
2781778,14
2781824,14
2083094,13
2127938,13
2127997,13
2241013,13
2306336,13
2322714,13
2363801,13
2397501,13
2447894,13
2475065,13
2676869,13
2729431,13
5590663,13
6957501,13
2112647,12
2136104,12
2252066,12
2263831,12
2300184,12
2302780,12
2395592,12
2560267,12
2760908,12
2766868,12
2123436,11
2241196,11
2246805,11
2310988,11
2409399,11
2432900,11
2454440,11
2507048,11
2589192,11
2021382,10
2096412,10
2129566,10
2277174,10
2437597,10
2507102,10
2535521,10
2753855,10
2099438,9
2234467,9
2412233,9
2426455,9
2441705,9
2556642,9
2638932,9
2802120,9
0015180,8
2069776,8
2109727,8
2333740,8
2334844,8
2377187,8
2390647,8
2407590,8
2443171,8
2536048,8
2550881,8
2569728,8
2571196,8
2646587,8
2707608,8
2753863,8
2762536,8
3017060,8
0000027,7
2080915,7
2146436,7
2321556,7
2337754,7
2340704,7
2343568,7
2371367,7
2381168,7
2391503,7
2509954,7
2603160,7
2810050,7
6249604,7
7486618,7
2080982,6
2135116,6
2194937,6
2328011,6
2381397,6
2391171,6
2439360,6
2442817,6
2467631,6
2534460,6
2534835,6
2536331,6
2550962,6
2733498,6
2733595,6
2771411,6
2791730,6
2810166,6
3126889,6
4008774,6
4014596,6
5442095,6
6697712,6
2081229,5
2082551,5
2120453,5
2250780,5
2270234,5
2371138,5
2396092,5
2426730,5
2461633,5
2522489,5
2566893,5
2570378,5
2586096,5
2639300,5
2667746,5
2693747,5
2729482,5
2733250,5
2743612,5
2760851,5
2761130,5
5602742,5
9563873,5
2168200,4
2252120,4
2301318,4
2348713,4
2441918,4
2442671,4
2534665,4
2585634,4
2603632,4
2613344,4
2613360,4
2635364,4
2658860,4
2748320,4
2806754,4
3384993,4
7645503,4
7693249,4
9813349,4
2079968,3
2082578,3
2098938,3
2126559,3
2135132,3
2180758,3
2227754,3
2255928,3
2257807,3
2295075,3
2379333,3
2380706,3
2408082,3
2410192,3
2417146,3
2450151,3
2494949,3
2522209,3
2570084,3
2639327,3
2653982,3
2691450,3
2717387,3
2744414,3
2753782,3
2761459,3
2778475,3
2778858,3
3226816,3
4002768,3
5863996,3
6343937,3
9024697,3
0008923,2
2058340,2
2080680,2
2080788,2
2080826,2
2088495,2
2121921,2
2235382,2
2249553,2
2252295,2
2292084,2
2315149,2
2342820,2
2344254,2
2377357,2
2380633,2
2381664,2
2394324,2
2409380,2
2415445,2
2437198,2
2462559,2
2462850,2
2465159,2
2505819,2
2515237,2
2519151,2
2557959,2
2582597,2
2602075,2
2613530,2
2628023,2
2681498,2
2691531,2
2733188,2
2761157,2
2772213,2
2778718,2
2790602,2
2791706,2
2797364,2
2808641,2
3318494,2
3987884,2
5353947,2
6053858,2
6085423,2
6559379,2
6595197,2
7424981,2
0003816,1
0004073,1
0008052,1
0015318,1
2079410,1
2080605,1
2090619,1
2147823,1
2210924,1
2233444,1
2235315,1
2246856,1
2247011,1
2249588,1
2250810,1
2261081,1
2272784,1
2285916,1
2292386,1
2295423,1
2329565,1
2361868,1
2372673,1
2376008,1
2383586,1
2390868,1
2396211,1
2410206,1
2410214,1
2442302,1
2442949,1
2443163,1
2448815,1
2470837,1
2490471,1
2507714,1
2520311,1
2521296,1
2545918,1
2570424,1
2578670,1
2588404,1
2660717,1
2664364,1
2666138,1
2679205,1
2679736,1
2695634,1
2707470,1
2715341,1
2733145,1
2743469,1
2757737,1
2772280,1
2774194,1
2786435,1
3007472,1
3009963,1
3015408,1
3021378,1
3276678,1
4009819,1
4044282,1
4069870,1
5057531,1
5284201,1
5419662,1
6483089,1
7047517,1
7320175,1
7603029,1
7621442,1
7704364,1
7743068,1
